Instrument Name,LMAX ID,LMAX symbol,Contract Multiplier,Tick Size,Tick Value,Effective Date,Expiry Date,Quoted CCY,Margin Rate (%),Position Threshold (Contracts),LMAX Trading Hours
EUR/USD,6001,EUR/USD,10000,0.00001,0.1,07/11/2014,,USD,1,2500,17:05 Sun - 17:00 Fri EST / EDT (except 17:00 - 17:05 daily)
GBP/USD,6002,GBP/USD,10000,0.00001,0.1,07/11/2014,,USD,1,2000,17:05 Sun - 17:00 Fri EST / EDT (except 17:00 - 17:05 daily)
EUR/GBP,6003,EUR/GBP,10000,0.00001,0.1,07/11/2014,,GBP,1,2000,17:05 Sun - 17:00 Fri EST / EDT (except 17:00 - 17:05 daily)
USD/JPY,6004,USD/JPY,10000,0.001,0.1,07/11/2014,,JPY,1,3000,17:05 Sun - 17:00 Fri EST / EDT (except 17:00 - 17:05 daily)
GBP/JPY,6005,GBP/JPY,10000,0.001,0.1,07/11/2014,,JPY,1.5,1330,17:05 Sun - 17:00 Fri EST / EDT (except 17:00 - 17:05 daily)
EUR/JPY,6006,EUR/JPY,10000,0.001,0.1,07/11/2014,,JPY,1,2000,17:05 Sun - 17:00 Fri EST / EDT (except 17:00 - 17:05 daily)
AUD/USD,6007,AUD/USD,10000,0.00001,0.1,07/11/2014,,USD,1,3790,17:05 Sun - 17:00 Fri EST / EDT (except 17:00 - 17:05 daily)
AUD/JPY,6008,AUD/JPY,10000,0.001,0.1,07/11/2014,,JPY,1.5,2530,17:05 Sun - 17:00 Fri EST / EDT (except 17:00 - 17:05 daily)
CHF/JPY,6009,CHF/JPY,10000,0.001,0.1,07/11/2014,,JPY,2,880,17:05 Sun - 17:00 Fri EST / EDT (except 17:00 - 17:05 daily)
USD/CHF,6010,USD/CHF,10000,0.00001,0.1,07/11/2014,,CHF,2,1000,17:05 Sun - 17:00 Fri EST / EDT (except 17:00 - 17:05 daily)
EUR/CHF,6011,EUR/CHF,10000,0.00001,0.1,07/11/2014,,CHF,2,760,17:05 Sun - 17:00 Fri EST / EDT (except 17:00 - 17:05 daily)
GBP/CHF,6012,GBP/CHF,10000,0.00001,0.1,07/11/2014,,CHF,2,608,17:05 Sun - 17:00 Fri EST / EDT (except 17:00 - 17:05 daily)
USD/CAD,6013,USD/CAD,10000,0.00001,0.1,07/11/2014,,CAD,1,3000,17:05 Sun - 17:00 Fri EST / EDT (except 17:00 - 17:05 daily)
GBP/CAD,6014,GBP/CAD,10000,0.00001,0.1,07/11/2014,,CAD,1,1330,17:05 Sun - 17:00 Fri EST / EDT (except 17:00 - 17:05 daily)
EUR/CAD,6015,EUR/CAD,10000,0.00001,0.1,07/11/2014,,CAD,1,890,17:05 Sun - 17:00 Fri EST / EDT (except 17:00 - 17:05 daily)
EUR/AUD,6016,EUR/AUD,10000,0.00001,0.1,07/11/2014,,AUD,1.5,890,17:05 Sun - 17:00 Fri EST / EDT (except 17:00 - 17:05 daily)
GBP/AUD,6017,GBP/AUD,10000,0.00001,0.1,07/11/2014,,AUD,1.5,1330,17:05 Sun - 17:00 Fri EST / EDT (except 17:00 - 17:05 daily)
EUR/CZK,6018,EUR/CZK,10000,0.0001,0.1,07/11/2014,,CZK,10,180,17:05 Sun - 17:00 Fri EST / EDT (except 17:00 - 17:05 daily)
GBP/CZK,6019,GBP/CZK,10000,0.0001,0.1,07/11/2014,,CZK,10,135,17:05 Sun - 17:00 Fri EST / EDT (except 17:00 - 17:05 daily)
USD/CZK,6020,USD/CZK,10000,0.0001,0.1,07/11/2014,,CZK,10,200,17:05 Sun - 17:00 Fri EST / EDT (except 17:00 - 17:05 daily)
EUR/DKK,6021,EUR/DKK,10000,0.00001,0.1,07/11/2014,,DKK,10,890,17:05 Sun - 17:00 Fri EST / EDT (except 17:00 - 17:05 daily)
GBP/DKK,6022,GBP/DKK,10000,0.00001,0.1,07/11/2014,,DKK,10,670,17:05 Sun - 17:00 Fri EST / EDT (except 17:00 - 17:05 daily)
USD/DKK,6023,USD/DKK,10000,0.00001,0.1,07/11/2014,,DKK,10,1500,17:05 Sun - 17:00 Fri EST / EDT (except 17:00 - 17:05 daily)
EUR/HKD,6024,EUR/HKD,10000,0.00001,0.1,07/11/2014,,HKD,10,180,17:05 Sun - 17:00 Fri EST / EDT (except 17:00 - 17:05 daily)
GBP/HKD,6025,GBP/HKD,10000,0.00001,0.1,07/11/2014,,HKD,10,135,17:05 Sun - 17:00 Fri EST / EDT (except 17:00 - 17:05 daily)
USD/HKD,6026,USD/HKD,10000,0.00001,0.1,07/11/2014,,HKD,10,200,17:05 Sun - 17:00 Fri EST / EDT (except 17:00 - 17:05 daily)
EUR/HUF,6027,EUR/HUF,10000,0.001,0.1,07/11/2014,,HUF,3,180,17:05 Sun - 17:00 Fri EST / EDT (except 17:00 - 17:05 daily)
GBP/HUF,6028,GBP/HUF,10000,0.001,0.1,07/11/2014,,HUF,3,135,17:05 Sun - 17:00 Fri EST / EDT (except 17:00 - 17:05 daily)
USD/HUF,6029,USD/HUF,10000,0.001,0.1,07/11/2014,,HUF,3,200,17:05 Sun - 17:00 Fri EST / EDT (except 17:00 - 17:05 daily)
EUR/MXN,6030,EUR/MXN,10000,0.00001,0.1,07/11/2014,,MXN,3,180,17:05 Sun - 17:00 Fri EST / EDT (except 17:00 - 17:05 daily)
GBP/MXN,6031,GBP/MXN,10000,0.00001,0.1,07/11/2014,,MXN,3,135,17:05 Sun - 17:00 Fri EST / EDT (except 17:00 - 17:05 daily)
USD/MXN,6032,USD/MXN,10000,0.00001,0.1,07/11/2014,,MXN,3,200,17:05 Sun - 17:00 Fri EST / EDT (except 17:00 - 17:05 daily)
EUR/NOK,6033,EUR/NOK,10000,0.00001,0.1,07/11/2014,,NOK,1.5,450,17:05 Sun - 17:00 Fri EST / EDT (except 17:00 - 17:05 daily)
GBP/NOK,6034,GBP/NOK,10000,0.00001,0.1,07/11/2014,,NOK,1.5,1000,17:05 Sun - 17:00 Fri EST / EDT (except 17:00 - 17:05 daily)
USD/NOK,6035,USD/NOK,10000,0.00001,0.1,07/11/2014,,NOK,1.5,1500,17:05 Sun - 17:00 Fri EST / EDT (except 17:00 - 17:05 daily)
EUR/NZD,6036,EUR/NZD,10000,0.00001,0.1,07/11/2014,,NZD,2,450,17:05 Sun - 17:00 Fri EST / EDT (except 17:00 - 17:05 daily)
GBP/NZD,6037,GBP/NZD,10000,0.00001,0.1,07/11/2014,,NZD,2,1000,17:05 Sun - 17:00 Fri EST / EDT (except 17:00 - 17:05 daily)
EUR/PLN,6038,EUR/PLN,10000,0.00001,0.1,07/11/2014,,PLN,2,180,17:05 Sun - 17:00 Fri EST / EDT (except 17:00 - 17:05 daily)
GBP/PLN,6039,GBP/PLN,10000,0.00001,0.1,07/11/2014,,PLN,2,135,17:05 Sun - 17:00 Fri EST / EDT (except 17:00 - 17:05 daily)
USD/PLN,6040,USD/PLN,10000,0.00001,0.1,07/11/2014,,PLN,2,200,17:05 Sun - 17:00 Fri EST / EDT (except 17:00 - 17:05 daily)
EUR/SEK,6041,EUR/SEK,10000,0.00001,0.1,07/11/2014,,SEK,1.5,450,17:05 Sun - 17:00 Fri EST / EDT (except 17:00 - 17:05 daily)
GBP/SEK,6042,GBP/SEK,10000,0.00001,0.1,07/11/2014,,SEK,1.5,670,17:05 Sun - 17:00 Fri EST / EDT (except 17:00 - 17:05 daily)
USD/SEK,6043,USD/SEK,10000,0.00001,0.1,07/11/2014,,SEK,1.5,1500,17:05 Sun - 17:00 Fri EST / EDT (except 17:00 - 17:05 daily)
EUR/SGD,6044,EUR/SGD,10000,0.00001,0.1,07/11/2014,,SGD,10,180,17:05 Sun - 17:00 Fri EST / EDT (except 17:00 - 17:05 daily)
GBP/SGD,6045,GBP/SGD,10000,0.00001,0.1,07/11/2014,,SGD,10,135,17:05 Sun - 17:00 Fri EST / EDT (except 17:00 - 17:05 daily)
USD/SGD,6046,USD/SGD,10000,0.00001,0.1,07/11/2014,,SGD,10,200,17:05 Sun - 17:00 Fri EST / EDT (except 17:00 - 17:05 daily)
EUR/TRY,6047,EUR/TRY,10000,0.00001,0.1,07/11/2014,,TRY,3,180,17:05 Sun - 17:00 Fri EST / EDT (except 17:00 - 17:05 daily)
GBP/TRY,6049,GBP/TRY,10000,0.00001,0.1,07/11/2014,,TRY,3,135,17:05 Sun - 17:00 Fri EST / EDT (except 17:00 - 17:05 daily)
USD/TRY,6051,USD/TRY,10000,0.00001,0.1,07/11/2014,,TRY,3,300,17:05 Sun - 17:00 Fri EST / EDT (except 17:00 - 17:05 daily)
EUR/ZAR,6052,EUR/ZAR,10000,0.00001,0.1,07/11/2014,,ZAR,2,180,17:05 Sun - 17:00 Fri EST / EDT (except 17:00 - 17:05 daily)
GBP/ZAR,6053,GBP/ZAR,10000,0.00001,0.1,07/11/2014,,ZAR,2,135,17:05 Sun - 17:00 Fri EST / EDT (except 17:00 - 17:05 daily)
USD/ZAR,6054,USD/ZAR,10000,0.00001,0.1,07/11/2014,,ZAR,2,200,17:05 Sun - 17:00 Fri EST / EDT (except 17:00 - 17:05 daily)
NZD/USD,6059,NZD/USD,10000,0.00001,0.1,07/11/2014,,USD,1.5,2680,17:05 Sun - 17:00 Fri EST / EDT (except 17:00 - 17:05 daily)
AUD/NZD,6060,AUD/NZD,10000,0.00001,0.1,07/11/2014,,NZD,1.5,2530,17:05 Sun - 17:00 Fri EST / EDT (except 17:00 - 17:05 daily)
NZD/JPY,6061,NZD/JPY,10000,0.001,0.1,07/11/2014,,JPY,2.5,2680,17:05 Sun - 17:00 Fri EST / EDT (except 17:00 - 17:05 daily)
AUD/CHF,6062,AUD/CHF,10000,0.00001,0.1,07/11/2014,,CHF,2,1070,17:05 Sun - 17:00 Fri EST / EDT (except 17:00 - 17:05 daily)
AUD/CAD,6063,AUD/CAD,10000,0.00001,0.1,07/11/2014,,CAD,1,2530,17:05 Sun - 17:00 Fri EST / EDT (except 17:00 - 17:05 daily)
CAD/JPY,6064,CAD/JPY,10000,0.001,0.1,07/11/2014,,JPY,1.5,2490,17:05 Sun - 17:00 Fri EST / EDT (except 17:00 - 17:05 daily)
CAD/CHF,6065,CAD/CHF,10000,0.00001,0.1,07/11/2014,,CHF,2,1090,17:05 Sun - 17:00 Fri EST / EDT (except 17:00 - 17:05 daily)
NZD/CAD,6066,NZD/CAD,10000,0.00001,0.1,07/11/2014,,CAD,2,2680,17:05 Sun - 17:00 Fri EST / EDT (except 17:00 - 17:05 daily)
NZD/CHF,6067,NZD/CHF,10000,0.00001,0.1,07/11/2014,,CHF,2,1340,17:05 Sun - 17:00 Fri EST / EDT (except 17:00 - 17:05 daily)
NZD/SGD,6068,NZD/SGD,10000,0.00001,0.1,07/11/2014,,SGD,10,200,17:05 Sun - 17:00 Fri EST / EDT (except 17:00 - 17:05 daily)
EUR/RUB,6069,EUR/RUB,10000,0.00001,0.1,11/11/2014,,RUB,5,180,02:00 - 17:00 EST / EDT Mon - Fri
USD/RUB,6070,USD/RUB,10000,0.0001,0.1,11/11/2014,,RUB,5,200,02:00 - 17:00 EST / EDT Mon - Fri
NOK/SEK,6071,NOK/SEK,10000,0.00001,0.1,11/11/2014,,SEK,1.5,7780,17:05 Sun - 17:00 Fri EST / EDT (except 17:00 - 17:05 daily)
Gold (Spot),6075,XAU/USD,10,0.01,1,11/11/2014,,USD,1,1160,18:00 Sun - 17:00 Fri EST / EDT (except 17:00 - 18:00 daily)
Silver (Spot),6076,XAG/USD,500,0.001,1,11/11/2014,,USD,3,1110,18:00 Sun - 17:00 Fri EST / EDT (except 17:00 - 18:00 daily)
XAU/AUD,6077,XAU/AUD,10,0.01,1,11/11/2014,,AUD,2,325,18:00 Sun - 17:00 Fri EST / EDT (except 17:00 - 18:00 daily)
XAG/AUD,6078,XAG/AUD,500,0.001,1,11/11/2014,,AUD,3,400,18:00 Sun - 17:00 Fri EST / EDT (except 17:00 - 18:00 daily)
XPT/USD,6079,XPT/USD,5,0.01,1,11/11/2014,,USD,5,400,18:00 Sun - 17:00 Fri EST / EDT (except 17:00 - 18:00 daily)
XPD/USD,6080,XPD/USD,10,0.01,1,11/11/2014,,USD,5,300,18:00 Sun - 17:00 Fri EST / EDT (except 17:00 - 18:00 daily)
XAU/EUR,6081,XAU/EUR,10,0.01,1,11/11/2014,,EUR,4,385,18:00 Sun - 17:00 Fri EST / EDT (except 17:00 - 18:00 daily)
USD/CNH,6073,USD/CNH,10000,0.0001,0.1,11/11/2014,,CNH,10,200,17:05 Sun - 17:00 Fri EST / EDT (except 17:00 - 17:05 daily)
Gold (Spot Mini),110637,XAU/USDm,1,0.01,0.01,01/01/2016,,USD,1,5000,18:00 Sun - 17:00 Fri EST / EDT (except 17:00 - 18:00 daily)
Silver (Spot Mini),110639,XAG/USDm,50,0.001,0.05,01/01/2016,,USD,3,5000,18:00 Sun - 17:00 Fri EST / EDT (except 17:00 - 18:00 daily)
TRY/JPY,6083,TRY/JPY,10000,0.001,10,24/05/2016,,JPY,3,600,17:05 Sun - 17:00 Fri EST / EDT (except 17:00 - 17:05 daily)
ZAR/JPY,6082,ZAR/JPY,10000,0.001,10,24/05/2016,,JPY,3,3000,17:05 Sun - 17:00 Fri EST / EDT (except 17:00 - 17:05 daily)
